CustomerID,Recency,Frequency,Monetary,RecencyRS,FrequencyRS,MonetaryRS,cluster,R,F,M,RFMGroup,RFMScore,Segment,RFM_Loyalty_Level
14646.0,1,2076,280206.02,-0.3927855711422846,25.123456790123456,206.43553169413238,1,4,4,4,444,12,Champions,Platinum
16446.0,0,3,168472.5,-0.40080160320641284,-0.4691358024691358,123.92147638863761,1,4,1,4,414,9,New customers,Gold
17450.0,8,336,194390.78999999998,-0.3366733466933868,3.6419753086419755,143.0618669758477,1,4,4,4,444,12,Champions,Platinum
18102.0,0,431,259657.3,-0.40080160320641284,4.814814814814815,191.2605133242007,1,4,4,4,444,12,Champions,Platinum
